value of eta,statistic,num_rules,test_acc
1,mean,10.0875,0.6722954125
1,std,0.930410961329,0.0185017442727
2,mean,9.6,0.6729369125
2,std,0.908469292655,0.0177180175965
3,mean,9.0375,0.67285015
3,std,0.877911070725,0.0184072371913
4,mean,8.5125,0.6733702875
4,std,0.729031783787,0.0179973883515
5,mean,8.1625,0.67454915
5,std,0.403897154474,0.0187398528121
